DEBUG,2021-11-26 01:28:39,096,socket_raw_receive
DEBUG,2021-11-26 01:28:39,097,socket_response
DEBUG,2021-11-26 01:28:39,097,message
DEBUG,2021-11-26 01:28:39,106,command_completion
DEBUG,2021-11-26 01:28:41,967,socket_raw_receive
DEBUG,2021-11-26 01:28:41,967,socket_response
DEBUG,2021-11-26 01:28:41,967,message
DEBUG,2021-11-26 01:28:41,968,command
DEBUG,2021-11-26 01:28:42,071,socket_raw_receive
DEBUG,2021-11-26 01:28:42,072,socket_response
DEBUG,2021-11-26 01:28:42,072,message
DEBUG,2021-11-26 01:28:42,106,command_completion
DEBUG,2021-11-26 01:28:44,524,socket_raw_receive
DEBUG,2021-11-26 01:28:44,525,socket_response
DEBUG,2021-11-26 01:28:44,525,typing
DEBUG,2021-11-26 01:28:44,715,socket_raw_receive
DEBUG,2021-11-26 01:28:44,716,socket_response
DEBUG,2021-11-26 01:28:44,716,message
DEBUG,2021-11-26 01:28:44,716,command
DEBUG,2021-11-26 01:28:44,949,socket_raw_receive
DEBUG,2021-11-26 01:28:44,949,socket_response
DEBUG,2021-11-26 01:28:44,950,message
DEBUG,2021-11-26 01:28:44,964,command_completion
DEBUG,2021-11-26 01:28:46,107,socket_raw_receive
DEBUG,2021-11-26 01:28:46,107,socket_response
DEBUG,2021-11-26 01:28:46,108,typing
DEBUG,2021-11-26 01:28:47,472,socket_raw_receive
DEBUG,2021-11-26 01:28:47,473,socket_response
DEBUG,2021-11-26 01:28:47,473,message
DEBUG,2021-11-26 01:28:47,688,socket_raw_receive
DEBUG,2021-11-26 01:28:47,689,socket_response
DEBUG,2021-11-26 01:28:47,689,message
DEBUG,2021-11-26 01:28:48,598,socket_raw_receive
DEBUG,2021-11-26 01:28:48,598,socket_response
DEBUG,2021-11-26 01:28:48,598,message
DEBUG,2021-11-26 01:28:49,745,socket_raw_receive
DEBUG,2021-11-26 01:28:49,746,socket_response
DEBUG,2021-11-26 01:28:49,746,message
DEBUG,2021-11-26 01:28:53,106,socket_raw_receive
DEBUG,2021-11-26 01:28:53,107,socket_response
DEBUG,2021-11-26 01:28:53,107,message
DEBUG,2021-11-26 01:28:53,143,socket_raw_receive
DEBUG,2021-11-26 01:28:53,144,socket_response
DEBUG,2021-11-26 01:28:53,144,typing
DEBUG,2021-11-26 01:28:53,232,socket_raw_receive
DEBUG,2021-11-26 01:28:53,232,socket_response
DEBUG,2021-11-26 01:28:53,232,typing
DEBUG,2021-11-26 01:28:53,564,socket_raw_receive
DEBUG,2021-11-26 01:28:53,564,socket_response
DEBUG,2021-11-26 01:28:53,564,message
DEBUG,2021-11-26 01:28:53,686,socket_raw_receive
DEBUG,2021-11-26 01:28:53,687,socket_response
DEBUG,2021-11-26 01:28:53,687,message
DEBUG,2021-11-26 01:28:53,809,socket_raw_receive
DEBUG,2021-11-26 01:28:53,809,socket_response
DEBUG,2021-11-26 01:28:53,810,message
DEBUG,2021-11-26 01:28:54,228,socket_raw_receive
DEBUG,2021-11-26 01:28:54,228,socket_response
DEBUG,2021-11-26 01:28:54,228,message
DEBUG,2021-11-26 01:28:54,506,socket_raw_receive
DEBUG,2021-11-26 01:28:54,506,socket_response
DEBUG,2021-11-26 01:28:54,507,message
DEBUG,2021-11-26 01:28:54,735,socket_raw_receive
DEBUG,2021-11-26 01:28:54,735,socket_response
DEBUG,2021-11-26 01:28:54,735,message
DEBUG,2021-11-26 01:28:55,031,socket_raw_receive
DEBUG,2021-11-26 01:28:55,031,socket_response
DEBUG,2021-11-26 01:28:55,031,message
DEBUG,2021-11-26 01:28:55,269,socket_raw_receive
DEBUG,2021-11-26 01:28:55,269,socket_response
DEBUG,2021-11-26 01:28:55,269,message
DEBUG,2021-11-26 01:28:56,048,socket_raw_receive
DEBUG,2021-11-26 01:28:56,049,socket_response
DEBUG,2021-11-26 01:28:56,049,message
DEBUG,2021-11-26 01:28:56,049,socket_raw_receive
DEBUG,2021-11-26 01:28:56,050,socket_response
DEBUG,2021-11-26 01:28:56,050,message
DEBUG,2021-11-26 01:28:56,050,command
DEBUG,2021-11-26 01:28:56,127,socket_raw_receive
DEBUG,2021-11-26 01:28:56,128,socket_response
DEBUG,2021-11-26 01:28:56,128,message
